id_user,first_name,last_name,email,address
1,Bertrand,Didier,bertrand.didier@example.com,"rue Odette Lacombe, 23586 Breton-sur-Jacques"
2,Roger,Salmon,roger.salmon@example.com,"82, chemin Océane Klein, 95304 Pichon"
3,Lucie,Chauveau,lucie.chauveau@example.com,"33, chemin Alfred Fischer, 81322 Bonnet-les-Bains"
4,Colette,Thomas,colette.thomas@example.com,"97, chemin Noël, 17190 Da Costa"
5,Alain,Pottier,alain.pottier@example.com,"rue Guérin, 88545 Sainte Xavier-la-Forêt"
6,Benjamin,Foucher,benjamin.foucher@example.com,"34, chemin Brigitte Laroche, 70074 Rolland-sur-Leroy"
7,Danielle,Gauthier,danielle.gauthier@example.com,"83, rue de Boyer, 15671 Tessier"
8,Caroline,Brunet,caroline.brunet@example.com,"boulevard Martinez, 43479 Verdierdan"
9,Aimée,Bonnin,aimée.bonnin@example.com,"81, avenue René Rivière, 22502 Saint Astrid"
10,Chantal,Parent,chantal.parent@example.com,"633, rue Neveu, 39873 Gaillardboeuf"
11,Jeannine,Dubois,jeannine.dubois@example.com,"6, chemin de Berger, 14214 Boyer"
12,Raymond,Moulin,raymond.moulin@example.com,"boulevard Zoé Gay, 19684 Hoarau"
13,Valérie,Meunier,valérie.meunier@example.com,"rue de Briand, 31635 Fernandes"
14,Olivier,Denis,olivier.denis@example.com,"71, rue Rémy Lecomte, 24435 Couturier"
15,Léon,Boyer,léon.boyer@example.com,"rue de Teixeira, 35282 GoncalvesVille"
16,Antoinette,Renard,antoinette.renard@example.com,"47, boulevard de Chartier, 95410 Lévêque"
17,Agnès,Vasseur,agnès.vasseur@example.com,"49, boulevard Brigitte Royer, 37682 Saint Olivie-les-Bains"
18,Benjamin,Roussel,benjamin.roussel@example.com,"83, chemin Maurice Devaux, 41373 Saint Charles"
19,Maurice,Meyer,maurice.meyer@example.com,"avenue de Jacquet, 33703 Bonneauboeuf"
20,René,Meyer,rené.meyer@example.com,"112, boulevard de Weber, 38741 Pages"
21,Joséphine,Lenoir,joséphine.lenoir@example.com,"67, chemin de Marchand, 87372 Hubert-sur-Courtois"
22,Christelle,Lesage,christelle.lesage@example.com,"rue Anouk Perrot, 68796 Colas"
23,Aimée,Payet,aimée.payet@example.com,"290, rue Boucher, 93464 Bailly"
24,Célina,Millet,célina.millet@example.com,"21, avenue Astrid Collin, 52241 Lambert-sur-Sanchez"
25,Jacques,Huet,jacques.huet@example.com,"11, rue Guillou, 96227 Sainte Théophile"
26,Corinne,Vasseur,corinne.vasseur@example.com,"27, chemin Voisin, 30076 Voisinnec"
27,Benoît,Baudry,benoît.baudry@example.com,"25, boulevard Aubert, 06900 Rémy"
28,Juliette,Dijoux,juliette.dijoux@example.com,"rue de Labbé, 37044 Legranddan"
29,Agathe,Antoine,agathe.antoine@example.com,"21, rue Aurore Dupuy, 30385 Bigot-sur-Godard"
30,Anne,Clerc,anne.clerc@example.com,"73, boulevard Regnier, 92344 Guyot"
31,Hugues,Petit,hugues.petit@example.com,"15, boulevard Gilles Loiseau, 58856 Raymond-les-Bains"
32,Martin,Delorme,martin.delorme@example.com,"10, avenue Hortense Fleury, 81184 Martinez"
33,Roland,Vallet,roland.vallet@example.com,"boulevard de Leroy, 49117 Sainte Anaïs-les-Bains"
34,Astrid,Renard,astrid.renard@example.com,"67, rue Pruvost, 14422 Legros"
35,Alix,Lelièvre,alix.lelièvre@example.com,"9, boulevard David Moreau, 66555 Langlois"
36,Louise,Dubois,louise.dubois@example.com,"9, rue Jules Dupuis, 19989 KleinVille"
37,Adrienne,Deschamps,adrienne.deschamps@example.com,"chemin Colas, 12482 Pelletierboeuf"
38,Catherine,Pinto,catherine.pinto@example.com,"371, avenue de Dupuis, 76683 Sainte Laure"
39,Gilbert,Labbé,gilbert.labbé@example.com,"7, rue de Mathieu, 70623 CharrierVille"
40,Augustin,Vallet,augustin.vallet@example.com,"16, chemin de Rémy, 42477 Carpentier-sur-Hardy"
41,Gabrielle,Besnard,gabrielle.besnard@example.com,"7, avenue Martine Pons, 21717 Saint GérardVille"
42,David,Bertrand,david.bertrand@example.com,"41, avenue Guillet, 28023 Jacquotnec"
43,Anaïs,Ledoux,anaïs.ledoux@example.com,"56, boulevard Le Goff, 38073 Caron"
44,Aimée,Dufour,aimée.dufour@example.com,"88, avenue de Foucher, 58278 Saint Océane-les-Bains"
45,Emmanuel,Munoz,emmanuel.munoz@example.com,"37, rue Hoareau, 66728 Sainte Luce-les-Bains"
46,Michèle,Fleury,michèle.fleury@example.com,"33, rue Thierry, 12135 Barthelemy"
47,Louis,Navarro,louis.navarro@example.com,"rue Lesage, 82345 Moreno-la-Forêt"
48,Daniel,Pascal,daniel.pascal@example.com,"22, rue Zacharie Morin, 35904 Saint Capucine-la-Forêt"
49,Hugues,Legrand,hugues.legrand@example.com,"rue Célina Baudry, 67560 Sainte Danielle"
50,Christelle,Goncalves,christelle.goncalves@example.com,"51, chemin Rodriguez, 79836 Sainte Anaïsdan"
